AMBIENTE,LATITUD,LONGITUD,DAP_cm,ALTURA_m,COPA_D1_m,COPA_D2_m,PROM_COPA_m,AREA_COPA_m2,ETIQUETA,ACEITE_TOTAL_ml,RESINA_TOTAL_ml,NEAR_FID,Dist_Borde_m,REF_CLIMA,RADIO_COPA_m,NDVI_HIST_MEDIA,NDVI_HIST_MEDIANA,NDVI_HIST_MIN,NDVI_HIST_MAX,NDVI_HIST_SD
Bosque,5.14486111,-72.05263889,79.5772854596384,8.2,14.9,15.6,15.25,182.6545875,VC-IMP-31,0.0,0.0,1,11.626131813627977,Bosque,7.625,0.641,0.635,0.495,0.792,0.116
Bosque,5.14430556,-72.05241667,109.816653934301,15.2,20.5,20.5,20.5,330.06435,VC-IMP-32,0.0,0.0,1,6.31137995143223,Bosque,10.25,0.65,0.663,0.498,0.804,0.109
Bosque,5.14419444,-72.05213889,45.0,13.2,16.4,15.0,15.7,193.593246,VC-IMP-33,0.0,380.0,1,1.9990430842187856,Bosque,7.85,0.547,0.563,0.336,0.725,0.132
Bosque,5.14444444,-72.05199444,61.433664374840845,11.5,18.5,12.2,15.35,185.0579115,VC-IMP-34,0.0,180.0,1,24.473114652967087,Bosque,7.675,0.52,0.518,0.311,0.746,0.142
Bosque,5.14402778,-72.05116667,75.43926661573721,11.3,20.3,22.8,21.55,364.74172350000003,VC-IMP-35,0.0,25.0,1,18.634662102775874,Bosque,10.775,0.688,0.682,0.503,0.812,0.112
Bosque,5.144,-72.05102778,75.43926661573721,10.0,20.3,22.8,21.55,364.74172350000003,VC-IMP-36,0.0,10.0,1,11.142501694109376,Bosque,10.775,0.683,0.672,0.505,0.807,0.113
Bosque,5.14391667,-72.05091667,48.38298955946015,9.4,19.5,17.5,18.5,268.80315,VC-IMP-37,0.0,0.0,1,12.346017799957737,Bosque,9.25,0.685,0.678,0.508,0.815,0.118
Bosque,5.14388889,-72.05077778,80.85052202699262,12.5,27.6,27.5,27.55,596.1205635,VC-IMP-38,0.0,95.0,1,8.890167738172032,Bosque,13.775,0.683,0.677,0.521,0.807,0.111
Bosque,5.14388889,-72.05069444,45.51820728291317,11.3,16.8,16.8,16.8,221.671296,VC-IMP-39,0.0,0.0,1,5.345726619575049,Bosque,8.4,0.674,0.674,0.517,0.797,0.108
Bosque,5.14233333,-72.05094444,42.016806722689076,11.3,13.6,13.6,13.6,145.26758399999997,VC-IMP-40,0.0,100.0,1,9.648561476507929,Bosque,6.8,0.713,0.71,0.52,0.827,0.107
Bosque,5.14188889,-72.05108333,42.33511586452763,12.4,17.4,11.5,14.45,163.99348349999997,VC-IMP-41,0.0,10.0,1,32.24656550607131,Bosque,7.225,0.68,0.677,0.467,0.82,0.119
Bosque,5.14186111,-72.05055556,50.61115355233002,14.1,20.4,20.4,20.4,326.852064,VC-IMP-42,0.0,15.0,1,19.8310408905849,Bosque,10.2,0.696,0.693,0.5,0.828,0.113
Bosque,5.14166667,-72.05027778,46.79144385026738,12.0,14.7,14.7,14.7,169.71708599999997,VC-IMP-43,0.0,100.0,1,13.112170707265816,Bosque,7.35,0.693,0.696,0.506,0.824,0.115
Bosque,5.14158333,-72.05008333,45.995670995671,11.8,15.3,15.3,15.3,183.85428600000003,VC-IMP-44,0.0,130.0,1,8.763319195768856,Bosque,7.65,0.686,0.691,0.51,0.821,0.126
Bosque,5.14158333,-72.05008333,59.20550038197097,9.0,10.7,10.7,10.7,89.92044599999998,VC-IMP-45,0.0,0.0,1,8.763319195768856,Bosque,5.35,0.688,0.695,0.512,0.822,0.126
Bosque,5.14133333,-72.05005556,61.59281894576012,15.0,16.0,16.0,16.0,201.0624,VC-IMB-1,0.0,115.0,1,27.413442212092278,Bosque,8.0,0.69,0.691,0.489,0.822,0.105
Bosque,5.14119444,-72.05008333,54.43086325439267,13.1,18.2,18.2,18.2,260.155896,VC-IMB-2,0.0,30.0,1,38.8451106112828,Bosque,9.1,0.69,0.694,0.476,0.826,0.112
Bosque,5.14094444,-72.04977778,43.76750700280112,10.4,14.2,14.2,14.2,158.368056,VC-IMB-3,100.0,40.0,1,53.157337406536804,Bosque,7.1,0.686,0.679,0.498,0.808,0.108
Bosque,5.14094444,-72.04975,35.650623885918,8.5,13.7,13.7,13.7,147.411726,VC-IMB-4,0.0,230.0,1,53.38977821215857,Bosque,6.85,0.683,0.673,0.498,0.808,0.109
Bosque,5.14091667,-72.04972222,35.650623885918,14.6,27.7,27.7,27.7,602.629566,VC-IMB-5,0.0,600.0,1,56.68216134638599,Bosque,13.85,0.688,0.682,0.506,0.814,0.109
Bosque,5.14097222,-72.04972222,61.433664374840845,13.6,19.2,19.2,19.2,289.529856,VC-IMB-6,0.0,255.0,1,50.5608731469329,Bosque,9.6,0.683,0.673,0.5,0.81,0.11
Bosque,5.14105556,-72.04966667,58.88719124013242,15.2,26.8,26.8,26.8,564.105696,VC-IMB-7,0.0,10.0,1,41.83951953622516,Bosque,13.4,0.688,0.676,0.513,0.817,0.109
Bosque,5.14113889,-72.04966667,38.515406162464984,10.2,15.8,15.8,15.8,196.06725600000001,VC-IMB-8,0.0,680.0,1,32.65939721852553,Bosque,7.9,0.691,0.679,0.515,0.821,0.11
Bosque,5.14102778,-72.04933333,51.56608097784569,11.5,18.0,18.0,18.0,254.46959999999999,VC-IMB-9,0.0,30.0,1,50.5066359555195,Bosque,9.0,0.694,0.684,0.507,0.832,0.113
Bosque,5.14097222,-72.04933333,47.428062133944486,13.5,15.2,15.2,15.2,181.45881599999998,VC-IMB-10,730.0,0.0,1,56.646101661356894,Bosque,7.6,0.702,0.693,0.509,0.839,0.111
Bosque,5.14116667,-72.04913889,62.38859180035651,15.6,20.4,20.4,20.4,326.852064,VC-IMB-11,0.0,0.0,1,35.33225927096094,Bosque,10.2,0.699,0.679,0.524,0.842,0.115
Bosque,5.14136111,-72.04888889,48.064680417621595,14.3,16.1,16.1,16.1,203.58353400000001,VC-IMB-12,255.0,0.0,1,24.011508100970534,Bosque,8.05,0.695,0.685,0.489,0.837,0.118
Bosque,5.14152778,-72.04869444,81.80544945250828,15.4,21.4,21.4,21.4,359.68178399999994,VC-IMB-13,0.0,320.0,1,15.637018015821479,Bosque,10.7,0.665,0.665,0.443,0.806,0.129
Bosque,5.14163889,-72.04838889,45.995670995671,16.8,22.1,22.1,22.1,383.59721400000006,VC-IMB-14,135.0,0.0,1,9.52228624067193,Bosque,11.05,0.608,0.615,0.357,0.768,0.135
Bosque,5.14091667,-72.04897222,41.69849758085052,16.0,19.3,19.3,19.3,292.553646,VC-IMB-15,20.0,0.0,1,67.03981732009069,Bosque,9.65,0.698,0.689,0.502,0.818,0.107
Potrero,5.14047222,-72.04475,37.56047873694933,12.1,13.8,13.8,13.8,149.57157600000002,VC-IMB-16,0.0,45.0,10,6.9,Arbol,6.9,0.579,0.577,0.368,0.748,0.113
Potrero,5.14252778,-72.04380556,70.0280112044818,16.8,18.4,18.4,18.4,265.90502399999997,VC-IMB-17,40.0,100.0,9,8.189623848260945,Abierto,9.2,0.59,0.568,0.345,0.769,0.13
Potrero,5.14244444,-72.04375,49.49707155589508,16.2,16.0,16.0,16.0,201.0624,VC-IMB-18,820.0,0.0,9,6.796227245409844,Abierto,8.0,0.627,0.615,0.446,0.769,0.116
Potrero,5.14283333,-72.04425,48.160173160173166,16.0,18.4,18.4,18.4,265.90502399999997,VC-IMB-19,230.0,10.0,8,4.091679111352599,Abierto,9.2,0.588,0.602,0.39,0.773,0.126
Potrero,5.14341667,-72.04466667,36.28724216959511,17.8,17.0,17.0,17.0,226.9806,VC-IMB-20,385.0,0.0,7,5.556659408341916,Abierto,8.5,0.586,0.608,0.408,0.765,0.119
Potrero,5.14377778,-72.04461111,53.89928698752229,18.1,19.3,19.3,19.3,292.553646,VC-IMB-21,0.0,235.0,6,5.431825533468857,Abierto,9.65,0.548,0.567,0.367,0.734,0.138
Potrero,5.146,-72.04611111,41.69849758085052,14.8,16.0,16.0,16.0,201.0624,VC-IMB-22,0.0,115.0,5,5.446128652846137,Bosquete,8.0,0.578,0.578,0.4,0.757,0.145
Potrero,5.14708333,-72.04738889,45.995670995671,15.1,12.0,12.0,12.0,113.0976,VC-IMB-23,0.0,330.0,4,9.500347452358806,Bosquete,6.0,0.621,0.623,0.402,0.766,0.123
Potrero,5.14705556,-72.04741667,39.15202444614209,12.5,18.4,18.4,18.4,265.90502399999997,VC-IMB-24,30.0,20.0,4,9.275273581233906,Bosquete,9.2,0.609,0.611,0.393,0.765,0.125
Potrero,5.14708333,-72.04738889,81.48714031066973,14.0,19.8,19.8,19.8,307.90821600000004,VC-IMB-25,90.0,0.0,4,9.500347452358806,Bosquete,9.9,0.612,0.608,0.396,0.765,0.125
Potrero,5.14741667,-72.04766667,37.242169595110774,13.2,15.2,15.2,15.2,181.45881599999998,VC-IMB-26,10.0,30.0,3,8.1580305564373,Bosquete,7.6,0.621,0.614,0.426,0.771,0.121
Potrero,5.1475,-72.04763889,48.701298701298704,12.0,14.8,14.8,14.8,172.034016,VC-IMB-27,0.0,160.0,3,2.019772821150036,Bosquete,7.4,0.598,0.571,0.392,0.763,0.125
Potrero,5.14738889,-72.04769444,43.60835243188185,13.0,13.0,13.0,13.0,132.7326,VC-IMB-28,60.0,15.0,3,6.43853609385117,Bosquete,6.5,0.625,0.62,0.432,0.771,0.119
Potrero,5.14741667,-72.04758333,34.37738731856379,9.0,13.6,13.6,13.6,145.26758399999997,VC-IMB-29,0.0,65.0,3,5.097571737592418,Bosquete,6.8,0.635,0.634,0.47,0.776,0.117
Potrero,5.14638889,-72.04908333,41.06187929717341,14.3,16.2,16.2,16.2,206.120376,VC-IMB-30,0.0,20.0,2,3.6667489362829837,Bosquete,8.1,0.521,0.5,0.312,0.712,0.136
