ANIO_REF,MES_NUM,MES,REF_CLIMA,TEMPERATURA_C,HUMEDAD_PCT,ITH_ORIGINAL,ITH_CALCULADO,RAFA,LATITUD,LONGITUD
2025.0,1.0,Enero,Abierto,27.68,77.18,78.38,78.83384975999999,1414.0,5.143417,-72.044667
2025.0,2.0,Febrero,Abierto,28.92,70.38,79.23,79.81121704,1194.0,5.143417,-72.044667
2025.0,3.0,Marzo,Abierto,29.2,73.32,80.06,80.6625856,1444.0,5.143417,-72.044667
2025.0,4.0,Abril,Abierto,28.02,82.11,79.62,80.03161978,885.0,5.143417,-72.044667
2025.0,5.0,Mayo,Abierto,26.99,86.47,78.68,78.90156046999999,1419.0,5.143417,-72.044667
2025.0,6.0,Junio,Abierto,26.36,87.48,77.83,77.97109072,1484.0,5.143417,-72.044667
2025.0,7.0,Julio,Abierto,26.32,86.72,77.57,77.81469696,851.0,5.143417,-72.044667
2025.0,8.0,Agosto,Abierto,27.13,85.01,78.56,78.95145087,985.0,5.143417,-72.044667
2025.0,9.0,Septiembre,Abierto,27.98,83.33,79.64,80.13018666,939.0,5.143417,-72.044667
2025.0,10.0,Octubre,Abierto,28.0,82.46,79.5,80.046132,1313.0,5.143417,-72.044667
2025.0,11.0,Noviembre,Abierto,27.83,82.35,79.41,79.75507495,2146.0,5.143417,-72.044667
2025.0,12.0,Diciembre,Abierto,28.14,77.29,79.15,79.57284194,1616.0,5.143417,-72.044667
2025.0,1.0,Enero,Árbol,27.06,78.58,77.74,78.03277052,396.0,5.140467,-72.044733
2025.0,2.0,Febrero,Árbol,28.19,71.59,78.48,78.87593879,617.0,5.140467,-72.044733
2025.0,3.0,Marzo,Árbol,28.3,75.67,79.17,79.60265389999999,477.0,5.140467,-72.044733
2025.0,4.0,Abril,Árbol,27.0,85.51,78.6,78.79889299999999,232.0,5.140467,-72.044733
2025.0,5.0,Mayo,Árbol,25.93,91.35,77.68,77.69043445,331.0,5.140467,-72.044733
2025.0,6.0,Junio,Árbol,25.58,91.18,77.1,77.07166556,275.0,5.140467,-72.044733
2025.0,7.0,Julio,Árbol,25.15,93.61,76.65,76.59275584999999,224.0,5.140467,-72.044733
2025.0,8.0,Agosto,Árbol,25.96,89.82,77.48,77.56743928,212.0,5.140467,-72.044733
2025.0,9.0,Septiembre,Árbol,26.67,89.08,78.52,78.68431964,300.0,5.140467,-72.044733
2025.0,10.0,Octubre,Árbol,26.64,85.67,78.05,78.22185311999999,423.0,5.140467,-72.044733
2025.0,11.0,Noviembre,Árbol,27.11,84.85,78.75,78.89835665,410.0,5.140467,-72.044733
2025.0,12.0,Diciembre,Árbol,27.47,78.57,78.48,78.68253720999999,399.0,5.140467,-72.044733
2025.0,1.0,Enero,Bosquete,27.49,76.41,78.15,78.43532791,283.0,5.147033,-72.0474
2025.0,2.0,Febrero,Bosquete,28.73,70.37,79.01,79.52351799,352.0,5.147033,-72.0474
2025.0,3.0,Marzo,Bosquete,28.98,73.27,79.9,80.31749954,256.0,5.147033,-72.0474
2025.0,4.0,Abril,Bosquete,27.46,83.25,79.17,79.2696955,101.0,5.147033,-72.0474
2025.0,5.0,Mayo,Bosquete,26.18,91.57,78.24,78.14458574,140.0,5.147033,-72.0474
2025.0,6.0,Junio,Bosquete,25.89,93.68,77.98,77.88587448,200.0,5.147033,-72.0474
2025.0,7.0,Julio,Bosquete,25.44,94.64,77.32,77.20853184,147.0,5.147033,-72.0474
2025.0,8.0,Agosto,Bosquete,26.25,91.79,78.27,78.29045625,82.0,5.147033,-72.0474
2025.0,9.0,Septiembre,Bosquete,26.79,92.6,79.23,79.31756460000001,104.0,5.147033,-72.0474
2025.0,10.0,Octubre,Bosquete,27.17,88.68,79.29,79.47987244000001,287.0,5.147033,-72.0474
2025.0,11.0,Noviembre,Bosquete,27.36,81.51,78.69,78.88379463999999,131.0,5.147033,-72.0474
2025.0,12.0,Diciembre,Bosquete,28.01,75.67,78.94,79.15050533,341.0,5.147033,-72.0474
2025.0,1.0,Enero,Bosque,27.59,81.52,68.75,79.25699432,148.0,5.142183,-72.05095
2025.0,2.0,Febrero,Bosque,28.26,71.55,69.29,78.9767797,98.0,5.142183,-72.05095
2025.0,3.0,Marzo,Bosque,28.24,74.19,69.28,79.30697344,87.0,5.142183,-72.05095
2025.0,4.0,Abril,Bosque,26.37,85.24,67.76,77.72339012,21.0,5.142183,-72.05095
2025.0,5.0,Mayo,Bosque,25.38,94.27,66.95,77.06365874,26.0,5.142183,-72.05095
2025.0,6.0,Junio,Bosque,25.6,87.86,67.13,76.73925840000001,78.0,5.142183,-72.05095
2025.0,7.0,Julio,Bosque,24.64,92.97,66.36,75.64241992000001,34.0,5.142183,-72.05095
2025.0,8.0,Agosto,Bosque,25.37,90.94,66.95,76.68604322,65.0,5.142183,-72.05095
2025.0,9.0,Septiembre,Bosque,25.82,89.5,67.31,77.293511,43.0,5.142183,-72.05095
2025.0,10.0,Octubre,Bosque,26.03,87.66,67.48,77.43863902000001,78.0,5.142183,-72.05095
2025.0,11.0,Noviembre,Bosque,27.37,87.58,70.9,79.67669954,254.0,5.142183,-72.05095
2025.0,12.0,Diciembre,Bosque,27.82,79.11,69.18,79.30978798,84.0,5.142183,-72.05095
