COBERTURA,AREA_HA,ESTADO_ECOLOGICO,IBP,PLAND,NP,LPI,PAFRAC,CONTAG,ANIO
Cultivos,1528.7933959006925,Bueno,0.4289,13.52,40.0,0.42,1.49,39.004,2018
Bosque,3706.1310699291917,Bueno,0.4115,32.7891,290.0,14.3451,1.5177,39.004,2018
Sin cobertura,1039.5031096802875,Deficiente,0.2072,9.2,475.0,0.94,1.46,39.004,2018
Herbazal,4797.0509499100335,Bueno,0.4617,42.79,337.0,29.1863,1.5226,39.004,2018
Agua,190.89460531146807,Regular,0.3933,1.69,16.0,0.42,1.49,39.004,2018
Vegetación Mixta,1606.2418578814884,Regular,0.2202,14.44,830.0,1.01,1.56,30.2381,2023
Bosque,4279.531202948383,Bueno,0.4846,37.91,293.0,26.4678,1.5177,30.2381,2023
Herbazal,3581.5498983896255,Regular,0.3953,31.79,428.0,14.3677,1.4748,30.2381,2023
Cultivos,793.0428294069097,Regular,0.409,6.99,10.0,6.6,1.55,30.2381,2023
Sin Cobertura,1001.936427627052,Regular,0.2852,8.84,412.0,2.58,1.43,30.2381,2023
