ETIQUETA,FECHA,NDVI_HIST_MEDIA
VC-IMP-31,2016-09-16,0.5073785852818261
VC-IMP-32,2016-09-16,0.4983056711184013
VC-IMP-33,2016-09-16,0.3973800539970398
VC-IMP-34,2016-09-16,0.393631997704506
VC-IMP-35,2016-09-16,0.5027393148495601
VC-IMP-36,2016-09-16,0.5054642245883033
VC-IMP-37,2016-09-16,0.5079745333641768
VC-IMP-38,2016-09-16,0.5209171636538071
VC-IMP-39,2016-09-16,0.5172866821289062
VC-IMP-40,2016-09-16,0.5203491221455967
VC-IMP-41,2016-09-16,0.4670851892895168
VC-IMP-42,2016-09-16,0.5003455221652985
VC-IMP-43,2016-09-16,0.5062733772728176
VC-IMP-44,2016-09-16,0.5098485193754497
VC-IMP-45,2016-09-16,0.5133316159248352
VC-IMB-1,2016-09-16,0.489389109340581
VC-IMB-2,2016-09-16,0.47610909850509076
VC-IMB-3,2016-09-16,0.4981527179479599
VC-IMB-4,2016-09-16,0.4979318268597126
VC-IMB-5,2016-09-16,0.5061193483345435
VC-IMB-6,2016-09-16,0.5004187431186438
VC-IMB-7,2016-09-16,0.5126698108450058
VC-IMB-8,2016-09-16,0.5147985775362361
VC-IMB-9,2016-09-16,0.506729343423137
VC-IMB-10,2016-09-16,0.5094964291368214
VC-IMB-11,2016-09-16,0.5243967018629376
VC-IMB-12,2016-09-16,0.4885087013244629
VC-IMB-13,2016-09-16,0.44302178957523436
VC-IMB-14,2016-09-16,0.35707881479036235
VC-IMB-15,2016-09-16,0.5024289538462956
VC-IMB-16,2016-09-16,0.36813175280888877
VC-IMB-17,2016-09-16,0.34508301677375003
VC-IMB-18,2016-09-16,0.4460389316082001
VC-IMB-19,2016-09-16,0.38957095798105
VC-IMB-20,2016-09-16,0.4084052728570026
VC-IMB-21,2016-09-16,0.3672987890966011
VC-IMB-22,2016-09-16,0.40044945194607684
VC-IMB-23,2016-09-16,0.40230063455445425
VC-IMB-24,2016-09-16,0.39295712010613804
VC-IMB-25,2016-09-16,0.3959386621202741
VC-IMB-26,2016-09-16,0.4261817364465623
VC-IMB-27,2016-09-16,0.39208403072859116
VC-IMB-28,2016-09-16,0.4323506156603496
VC-IMB-29,2016-09-16,0.48416368104517465
VC-IMB-30,2016-09-16,0.3120246479908626
VC-IMP-31,2017-08-18,0.6713983672005791
VC-IMP-32,2017-08-18,0.6829840685870197
VC-IMP-33,2017-08-18,0.6224931875864663
VC-IMP-34,2017-08-18,0.6265185356140137
VC-IMP-35,2017-08-18,0.6885700730177072
VC-IMP-36,2017-08-18,0.6797079571655819
VC-IMP-37,2017-08-18,0.6921300664544106
VC-IMP-38,2017-08-18,0.6948158740997313
VC-IMP-39,2017-08-18,0.686597740650177
VC-IMP-40,2017-08-18,0.6906876564025879
VC-IMP-41,2017-08-18,0.6704348623752593
VC-IMP-42,2017-08-18,0.6855872528893607
VC-IMP-43,2017-08-18,0.7133145795928107
VC-IMP-44,2017-08-18,0.7020051291114404
VC-IMP-45,2017-08-18,0.707569533586502
VC-IMB-1,2017-08-18,0.6877686787735333
VC-IMB-2,2017-08-18,0.6685430407524108
VC-IMB-3,2017-08-18,0.6735412809583876
VC-IMB-4,2017-08-18,0.6679629683494568
VC-IMB-5,2017-08-18,0.6755175400863995
VC-IMB-6,2017-08-18,0.670122005045414
VC-IMB-7,2017-08-18,0.6751181531336999
VC-IMB-8,2017-08-18,0.6766384243965149
VC-IMB-9,2017-08-18,0.6977185673183866
VC-IMB-10,2017-08-18,0.6942777264685858
VC-IMB-11,2017-08-18,0.6854469713411833
VC-IMB-12,2017-08-18,0.6854198575019836
VC-IMB-13,2017-08-18,0.6690343985190759
VC-IMB-14,2017-08-18,0.6156263422398343
VC-IMB-15,2017-08-18,0.6926136596335305
VC-IMB-16,2017-08-18,0.5650876879692077
VC-IMB-17,2017-08-18,0.5722269518622036
VC-IMB-18,2017-08-18,0.6339090025943258
VC-IMB-19,2017-08-18,0.6008712295442818
VC-IMB-20,2017-08-18,0.6158374651618624
VC-IMB-21,2017-08-18,0.6347747481230535
VC-IMB-22,2017-08-18,0.6003887312752861
VC-IMB-23,2017-08-18,0.6444211176463536
VC-IMB-24,2017-08-18,0.6309672737943716
VC-IMB-25,2017-08-18,0.6344237089157104
VC-IMB-26,2017-08-18,0.6353594064712524
VC-IMB-27,2017-08-18,0.5959305857357227
VC-IMB-28,2017-08-18,0.6410013914108277
VC-IMB-29,2017-08-18,0.6663246974349022
VC-IMB-30,2017-08-18,0.5745527205013092
VC-IMP-31,2018-01-22,0.5989239528065636
VC-IMP-32,2018-01-22,0.6428563224302756
VC-IMP-33,2018-01-22,0.458559186685653
VC-IMP-34,2018-01-22,0.5058906450867652
VC-IMP-35,2018-01-22,0.6760017459209149
VC-IMP-36,2018-01-22,0.6559230628467742
VC-IMP-37,2018-01-22,0.630995512008667
VC-IMP-38,2018-01-22,0.6417814104846029
VC-IMP-39,2018-01-22,0.6370205807685851
VC-IMP-40,2018-01-22,0.7117852708872627
VC-IMP-41,2018-01-22,0.6828945047325559
VC-IMP-42,2018-01-22,0.690407933507647
VC-IMP-43,2018-01-22,0.6786194112565782
VC-IMP-44,2018-01-22,0.67571528020658
VC-IMP-45,2018-01-22,0.6740401208400727
VC-IMB-1,2018-01-22,0.6916680335998536
VC-IMB-2,2018-01-22,0.6947283104613974
VC-IMB-3,2018-01-22,0.6734255817201402
VC-IMB-4,2018-01-22,0.6618974059820175
VC-IMB-5,2018-01-22,0.667016866532239
VC-IMB-6,2018-01-22,0.6582356579601766
VC-IMB-7,2018-01-22,0.6585354929970156
VC-IMB-8,2018-01-22,0.6693463623523711
VC-IMB-9,2018-01-22,0.6627345681190491
VC-IMB-10,2018-01-22,0.6891179964655921
VC-IMB-11,2018-01-22,0.6663001383605756
VC-IMB-12,2018-01-22,0.6837588846683503
VC-IMB-13,2018-01-22,0.6612187180763637
VC-IMB-14,2018-01-22,0.57064316599142
VC-IMB-15,2018-01-22,0.6853256242142783
VC-IMB-16,2018-01-22,0.5421457946300505
VC-IMB-17,2018-01-22,0.5513939405309742
VC-IMB-18,2018-01-22,0.5969881389452062
VC-IMB-19,2018-01-22,0.5689977556467057
VC-IMB-20,2018-01-22,0.6006245820418648
VC-IMB-21,2018-01-22,0.4935729169484341
VC-IMB-22,2018-01-22,0.5121263208843413
VC-IMB-23,2018-01-22,0.6007640744958606
VC-IMB-24,2018-01-22,0.5660215790929466
VC-IMB-25,2018-01-22,0.5812222719192505
VC-IMB-26,2018-01-22,0.5856655750955855
VC-IMB-27,2018-01-22,0.5465139903520282
VC-IMB-28,2018-01-22,0.5909217834472656
VC-IMB-29,2018-01-22,0.5768998935818671
VC-IMB-30,2018-01-22,0.42943444280397325
VC-IMP-31,2018-12-30,0.4949852554571061
VC-IMP-32,2018-12-30,0.4989317301157358
VC-IMP-33,2018-12-30,0.33605710665384925
VC-IMP-34,2018-12-30,0.31064364761114116
VC-IMP-35,2018-12-30,0.5450743658420367
VC-IMP-36,2018-12-30,0.5478860452061607
VC-IMP-37,2018-12-30,0.5620312560349704
VC-IMP-38,2018-12-30,0.549069446144682
VC-IMP-39,2018-12-30,0.5361806845664979
VC-IMP-40,2018-12-30,0.6283349920721616
VC-IMP-41,2018-12-30,0.5711914698282877
VC-IMP-42,2018-12-30,0.5821018883160182
VC-IMP-43,2018-12-30,0.5703673594527774
VC-IMP-44,2018-12-30,0.5136875243563401
VC-IMP-45,2018-12-30,0.512236824631691
VC-IMB-1,2018-12-30,0.60795413905924
VC-IMB-2,2018-12-30,0.5945839131319964
VC-IMB-3,2018-12-30,0.5944170190228356
VC-IMB-4,2018-12-30,0.5825563073158264
VC-IMB-5,2018-12-30,0.5824084742502732
VC-IMB-6,2018-12-30,0.5777524374425411
VC-IMB-7,2018-12-30,0.5752877218108023
VC-IMB-8,2018-12-30,0.5670419172807174
VC-IMB-9,2018-12-30,0.5902819633483887
VC-IMB-10,2018-12-30,0.6036959347270784
VC-IMB-11,2018-12-30,0.5976986257653489
VC-IMB-12,2018-12-30,0.5941534464557966
VC-IMB-13,2018-12-30,0.5249346785056286
VC-IMB-14,2018-12-30,0.45037654822780965
VC-IMB-15,2018-12-30,0.5905370116233828
VC-IMB-16,2018-12-30,0.5040127913157145
VC-IMB-17,2018-12-30,0.5161664085141544
VC-IMB-18,2018-12-30,0.5258279222509136
VC-IMB-19,2018-12-30,0.457119356840849
VC-IMB-20,2018-12-30,0.4801151700641798
VC-IMB-21,2018-12-30,0.36987414956092846
VC-IMB-22,2018-12-30,0.40537898313431503
VC-IMB-23,2018-12-30,0.5154005885124207
VC-IMB-24,2018-12-30,0.5045322590860827
VC-IMB-25,2018-12-30,0.5048198640346527
VC-IMB-26,2018-12-30,0.5250536047276996
VC-IMB-27,2018-12-30,0.5061031909365403
VC-IMB-28,2018-12-30,0.5285542666912079
VC-IMB-29,2018-12-30,0.5344108641147614
VC-IMB-30,2018-12-30,0.39438710468155996
VC-IMP-31,2020-02-06,0.5506831932635532
VC-IMP-32,2020-02-06,0.6085630695562105
VC-IMP-33,2020-02-06,0.5029693174929846
VC-IMP-34,2020-02-06,0.4214475259184837
VC-IMP-35,2020-02-06,0.6648179690043132
VC-IMP-36,2020-02-06,0.6642517773878006
VC-IMP-37,2020-02-06,0.6636585351079703
VC-IMP-38,2020-02-06,0.6593795987692747
VC-IMP-39,2020-02-06,0.6618094420433044
VC-IMP-40,2020-02-06,0.7082625347025253
VC-IMP-41,2020-02-06,0.6552317771646712
VC-IMP-42,2020-02-06,0.695577689579555
VC-IMP-43,2020-02-06,0.6651870707670846
VC-IMP-44,2020-02-06,0.6793107892337599
VC-IMP-45,2020-02-06,0.6819151997566223
VC-IMB-1,2020-02-06,0.6903223584998738
VC-IMB-2,2020-02-06,0.6931284864743552
VC-IMB-3,2020-02-06,0.6847315298186408
VC-IMB-4,2020-02-06,0.6786404252052307
VC-IMB-5,2020-02-06,0.6879307031631469
VC-IMB-6,2020-02-06,0.6767234783619641
VC-IMB-7,2020-02-06,0.6765456488055568
VC-IMB-8,2020-02-06,0.6812732653184372
VC-IMB-9,2020-02-06,0.6695376987810489
VC-IMB-10,2020-02-06,0.692468734014602
VC-IMB-11,2020-02-06,0.6732580128468966
VC-IMB-12,2020-02-06,0.6806957746545473
VC-IMB-13,2020-02-06,0.6440146229205989
VC-IMB-14,2020-02-06,0.6146387841020312
VC-IMB-15,2020-02-06,0.685509999593099
VC-IMB-16,2020-02-06,0.5895846247673034
VC-IMB-17,2020-02-06,0.5635167791925627
VC-IMB-18,2020-02-06,0.5942933248436969
VC-IMB-19,2020-02-06,0.6023762691766025
VC-IMB-20,2020-02-06,0.5961535806241243
VC-IMB-21,2020-02-06,0.5299316102808173
VC-IMB-22,2020-02-06,0.5549503451301938
VC-IMB-23,2020-02-06,0.5949810360159191
VC-IMB-24,2020-02-06,0.5919050656515976
VC-IMB-25,2020-02-06,0.5822162193911415
VC-IMB-26,2020-02-06,0.5922753441901434
VC-IMB-27,2020-02-06,0.5447525021276975
VC-IMB-28,2020-02-06,0.5986372073491415
VC-IMB-29,2020-02-06,0.6022791713476181
VC-IMB-30,2020-02-06,0.46128296426364357
VC-IMP-31,2021-08-27,0.7922502500670298
VC-IMP-32,2021-08-27,0.803575122678602
VC-IMP-33,2021-08-27,0.725487973008837
VC-IMP-34,2021-08-27,0.746434623003006
VC-IMP-35,2021-08-27,0.8049438794453938
VC-IMP-36,2021-08-27,0.7972535192966461
VC-IMP-37,2021-08-27,0.8064775094389915
VC-IMP-38,2021-08-27,0.8021274904410044
VC-IMP-39,2021-08-27,0.7966098260879517
VC-IMP-40,2021-08-27,0.82652086019516
VC-IMP-41,2021-08-27,0.7720429632398818
VC-IMP-42,2021-08-27,0.801884424686432
VC-IMP-43,2021-08-27,0.8177954157193502
VC-IMP-44,2021-08-27,0.8209689259529114
VC-IMP-45,2021-08-27,0.8215591073036195
VC-IMB-1,2021-08-27,0.7562847625125538
VC-IMB-2,2021-08-27,0.7901099368377967
VC-IMB-3,2021-08-27,0.7952043149206374
VC-IMB-4,2021-08-27,0.7967550456523896
VC-IMB-5,2021-08-27,0.7979511103846809
VC-IMB-6,2021-08-27,0.7944911904633046
VC-IMB-7,2021-08-27,0.7960170007521106
VC-IMB-8,2021-08-27,0.7954693653366782
VC-IMB-9,2021-08-27,0.8058774824495669
VC-IMB-10,2021-08-27,0.8064544569878351
VC-IMB-11,2021-08-27,0.8162963280552312
VC-IMB-12,2021-08-27,0.8012198309103647
VC-IMB-13,2021-08-27,0.7954714603913137
VC-IMB-14,2021-08-27,0.7679600190548669
VC-IMB-15,2021-08-27,0.8058616038825775
VC-IMB-16,2021-08-27,0.6720834811528523
VC-IMB-17,2021-08-27,0.6877777227039995
VC-IMB-18,2021-08-27,0.7685056898904884
VC-IMB-19,2021-08-27,0.6932453289628031
VC-IMB-20,2021-08-27,0.6684268842572751
VC-IMB-21,2021-08-27,0.7335053284962971
VC-IMB-22,2021-08-27,0.694635876587459
VC-IMB-23,2021-08-27,0.7286444093499864
VC-IMB-24,2021-08-27,0.6928247048937041
VC-IMB-25,2021-08-27,0.7126034549304417
VC-IMB-26,2021-08-27,0.7163995021865481
VC-IMB-27,2021-08-27,0.6777734034939815
VC-IMB-28,2021-08-27,0.7222431461016336
VC-IMB-29,2021-08-27,0.7764739878475666
VC-IMB-30,2021-08-27,0.5389665691625504
VC-IMP-31,2022-12-31,0.7633658817836215
VC-IMP-32,2022-12-31,0.7542813581389349
VC-IMP-33,2022-12-31,0.6743991573651631
VC-IMP-34,2022-12-31,0.6483789950609207
VC-IMP-35,2022-12-31,0.8032764440927749
VC-IMP-36,2022-12-31,0.8070050293491001
VC-IMP-37,2022-12-31,0.8147084806114435
VC-IMP-38,2022-12-31,0.8066314522064093
VC-IMP-39,2022-12-31,0.7900124335289002
VC-IMP-40,2022-12-31,0.8263945439282586
VC-IMP-41,2022-12-31,0.7961165474520789
VC-IMP-42,2022-12-31,0.8276466454778396
VC-IMP-43,2022-12-31,0.8238958550824058
VC-IMP-44,2022-12-31,0.8190363551440991
VC-IMP-45,2022-12-31,0.819824355840683
VC-IMB-1,2022-12-31,0.8220705200325359
VC-IMB-2,2022-12-31,0.825837168428633
VC-IMB-3,2022-12-31,0.8077418671713935
VC-IMB-4,2022-12-31,0.8076787814497948
VC-IMB-5,2022-12-31,0.8141622579458987
VC-IMB-6,2022-12-31,0.8103634268045424
VC-IMB-7,2022-12-31,0.815691497056715
VC-IMB-8,2022-12-31,0.8190040588378906
VC-IMB-9,2022-12-31,0.8318364487753973
VC-IMB-10,2022-12-31,0.8385905027389526
VC-IMB-11,2022-12-31,0.8424596017912813
VC-IMB-12,2022-12-31,0.8366382122039796
VC-IMB-13,2022-12-31,0.8057402326510502
VC-IMB-14,2022-12-31,0.715384718917665
VC-IMB-15,2022-12-31,0.8183306737078561
VC-IMB-16,2022-12-31,0.613272507985433
VC-IMB-17,2022-12-31,0.6831517507290018
VC-IMB-18,2022-12-31,0.7115397867949114
VC-IMB-19,2022-12-31,0.7732429783791303
VC-IMB-20,2022-12-31,0.7649300020674
VC-IMB-21,2022-12-31,0.6932947960766878
VC-IMB-22,2022-12-31,0.7452833283515202
VC-IMB-23,2022-12-31,0.7656246295997075
VC-IMB-24,2022-12-31,0.764809538578165
VC-IMB-25,2022-12-31,0.7645703554153441
VC-IMB-26,2022-12-31,0.7594050793420701
VC-IMB-27,2022-12-31,0.748395555897763
VC-IMB-28,2022-12-31,0.7599252780278525
VC-IMB-29,2022-12-31,0.7485761083662511
VC-IMB-30,2022-12-31,0.6489717790058681
VC-IMP-31,2023-12-11,0.738717720622108
VC-IMP-32,2023-12-11,0.7218439643447462
VC-IMP-33,2023-12-11,0.6432225022997174
VC-IMP-34,2023-12-11,0.5307244688272477
VC-IMP-35,2023-12-11,0.8123179353200473
VC-IMP-36,2023-12-11,0.8061204566842034
VC-IMP-37,2023-12-11,0.8094247449189425
VC-IMP-38,2023-12-11,0.7944645845528805
VC-IMP-39,2023-12-11,0.7768154287338257
VC-IMP-40,2023-12-11,0.8231410769855273
VC-IMP-41,2023-12-11,0.8201918767558204
VC-IMP-42,2023-12-11,0.8117365275110519
VC-IMP-43,2023-12-11,0.8073768185244666
VC-IMP-44,2023-12-11,0.8112139074425949
VC-IMP-45,2023-12-11,0.8150642931461335
VC-IMB-1,2023-12-11,0.8066137676889246
VC-IMB-2,2023-12-11,0.8061107573685823
VC-IMB-3,2023-12-11,0.8037297791904873
VC-IMB-4,2023-12-11,0.8049412816762924
VC-IMB-5,2023-12-11,0.8102722438898953
VC-IMB-6,2023-12-11,0.8100018948316574
VC-IMB-7,2023-12-11,0.817494100139987
VC-IMB-8,2023-12-11,0.8209674791856245
VC-IMB-9,2023-12-11,0.8182000208784032
VC-IMB-10,2023-12-11,0.8160003338541303
VC-IMB-11,2023-12-11,0.827660094750555
VC-IMB-12,2023-12-11,0.8207806100447973
VC-IMB-13,2023-12-11,0.794283972336696
VC-IMB-14,2023-12-11,0.7295228115149905
VC-IMB-15,2023-12-11,0.815398742755254
VC-IMB-16,2023-12-11,0.7482734839121501
VC-IMB-17,2023-12-11,0.7694548532880586
VC-IMB-18,2023-12-11,0.7612875337186068
VC-IMB-19,2023-12-11,0.7238967996090653
VC-IMB-20,2023-12-11,0.6908919707588527
VC-IMB-21,2023-12-11,0.6628172325365472
VC-IMB-22,2023-12-11,0.7566716500691005
VC-IMB-23,2023-12-11,0.7505170830658504
VC-IMB-24,2023-12-11,0.7525100317494622
VC-IMB-25,2023-12-11,0.7474977033478873
VC-IMB-26,2023-12-11,0.7707523419743493
VC-IMB-27,2023-12-11,0.7625364723958467
VC-IMB-28,2023-12-11,0.7714995702107746
VC-IMB-29,2023-12-11,0.7600326575338839
VC-IMB-30,2023-12-11,0.712004766577766
VC-IMP-31,2024-12-02,0.7543689182826452
VC-IMP-32,2024-12-02,0.7431884214684769
VC-IMP-33,2024-12-02,0.64700543596631
VC-IMP-34,2024-12-02,0.6339742362499238
VC-IMP-35,2024-12-02,0.774178902308146
VC-IMP-36,2024-12-02,0.7837133322443282
VC-IMP-37,2024-12-02,0.8007291462272405
VC-IMP-38,2024-12-02,0.7871824313293804
VC-IMP-39,2024-12-02,0.771231107711792
VC-IMP-40,2024-12-02,0.7950971652479732
VC-IMP-41,2024-12-02,0.7980269889036814
VC-IMP-42,2024-12-02,0.7848751374653409
VC-IMP-43,2024-12-02,0.7745589911937713
VC-IMP-44,2024-12-02,0.7819100241912039
VC-IMP-45,2024-12-02,0.7834397494792938
VC-IMB-1,2024-12-02,0.7653218643231826
VC-IMB-2,2024-12-02,0.7649429572953119
VC-IMB-3,2024-12-02,0.7597721219062805
VC-IMB-4,2024-12-02,0.758829265832901
VC-IMB-5,2024-12-02,0.7655532332983884
VC-IMB-6,2024-12-02,0.7598341181874275
VC-IMB-7,2024-12-02,0.7680655016053107
VC-IMB-8,2024-12-02,0.7745022123510189
VC-IMB-9,2024-12-02,0.7764561661967525
VC-IMB-10,2024-12-02,0.7891763562247867
VC-IMB-11,2024-12-02,0.7859470075682587
VC-IMB-12,2024-12-02,0.7874738325675328
VC-IMB-13,2024-12-02,0.773567931774335
VC-IMB-14,2024-12-02,0.7368169512067522
VC-IMB-15,2024-12-02,0.77346441646417
VC-IMB-16,2024-12-02,0.7033947388331095
VC-IMB-17,2024-12-02,0.7323668188062207
VC-IMB-18,2024-12-02,0.7386425500330719
VC-IMB-19,2024-12-02,0.6264773644506932
VC-IMB-20,2024-12-02,0.6286969029385111
VC-IMB-21,2024-12-02,0.6049783645254193
VC-IMB-22,2024-12-02,0.7083463214692616
VC-IMB-23,2024-12-02,0.7169173146997179
VC-IMB-24,2024-12-02,0.7143044944467215
VC-IMB-25,2024-12-02,0.7127830181803022
VC-IMB-26,2024-12-02,0.7217400017238799
VC-IMB-27,2024-12-02,0.7175951913783425
VC-IMB-28,2024-12-02,0.7229069193204244
VC-IMB-29,2024-12-02,0.7286517806351185
VC-IMB-30,2024-12-02,0.7007161832991102
VC-IMP-31,2025-03-02,0.537782785438356
VC-IMP-32,2025-03-02,0.5477498971127175
VC-IMP-33,2025-03-02,0.4671336781410944
VC-IMP-34,2025-03-02,0.3774393692612647
VC-IMP-35,2025-03-02,0.6059025648312693
VC-IMP-36,2025-03-02,0.5808441497030711
VC-IMP-37,2025-03-02,0.5605023540556431
VC-IMP-38,2025-03-02,0.5725523423064839
VC-IMP-39,2025-03-02,0.5683611440658569
VC-IMP-40,2025-03-02,0.5967058644575233
VC-IMP-41,2025-03-02,0.5661287870672015
VC-IMP-42,2025-03-02,0.5765225699969699
VC-IMP-43,2025-03-02,0.5715424981382158
VC-IMP-44,2025-03-02,0.5435074285457009
VC-IMP-45,2025-03-02,0.5470937728881836
VC-IMB-1,2025-03-02,0.5817286832766099
VC-IMB-2,2025-03-02,0.5900502006212871
VC-IMB-3,2025-03-02,0.5654532114664712
VC-IMB-4,2025-03-02,0.5692112930119037
VC-IMB-5,2025-03-02,0.5772557276667971
VC-IMB-6,2025-03-02,0.5684152785688639
VC-IMB-7,2025-03-02,0.583609857866841
VC-IMB-8,2025-03-02,0.586318465796384
VC-IMB-9,2025-03-02,0.5807640574596546
VC-IMB-10,2025-03-02,0.5830275984037491
VC-IMB-11,2025-03-02,0.5690813833161407
VC-IMB-12,2025-03-02,0.5707800512512525
VC-IMB-13,2025-03-02,0.5426836869655511
VC-IMB-14,2025-03-02,0.5221357161090489
VC-IMB-15,2025-03-02,0.6085118965970144
VC-IMB-16,2025-03-02,0.4842181086540222
VC-IMB-17,2025-03-02,0.4786951048620816
VC-IMB-18,2025-03-02,0.4915428174578626
VC-IMB-19,2025-03-02,0.446316503919661
VC-IMB-20,2025-03-02,0.40896457952001825
VC-IMB-21,2025-03-02,0.38930063897913164
VC-IMB-22,2025-03-02,0.40176051145508174
VC-IMB-23,2025-03-02,0.4891501196793148
VC-IMB-24,2025-03-02,0.48069370615071266
VC-IMB-25,2025-03-02,0.481027421780995
VC-IMB-26,2025-03-02,0.47726119132268996
VC-IMB-27,2025-03-02,0.4834732005470677
VC-IMB-28,2025-03-02,0.48130253950754803
VC-IMB-29,2025-03-02,0.4697316940873861
VC-IMB-30,2025-03-02,0.4393955781346276
